category_id,category_name,category_slug,wp_category_id,section_id,section_name,parent_section_id,parent_section_name,section_path,section_source_url
48274996158235,Customer Agent,customer-agent,775425996,49191914194587,Guidance,,,Guidance,https://help.klaviyo.com/hc/en-us/sections/49191914194587-Guidance
48274996158235,Customer Agent,customer-agent,775425996,49192910266011,Launch,,,Launch,https://help.klaviyo.com/hc/en-us/sections/49192910266011-Launch
48274996158235,Customer Agent,customer-agent,775425996,49192766741147,Skills,,,Skills,https://help.klaviyo.com/hc/en-us/sections/49192766741147-Skills
48274996158235,Customer Agent,customer-agent,775425996,49994543708315,Tools,,,Tools,https://help.klaviyo.com/hc/en-us/sections/49994543708315-Tools
48274996158235,Customer Agent,customer-agent,775425996,48275014799387,Training,,,Training,https://help.klaviyo.com/hc/en-us/sections/48275014799387-Training
50128030093211,Social Marketing,social-marketing,775426008,50131245341723,Getting started with Social Marketing,,,Getting started with Social Marketing,https://help.klaviyo.com/hc/en-us/sections/50131245341723-Getting-started-with-Social-Marketing
50128030093211,Social Marketing,social-marketing,775426008,50168641809051,Social Auto-replies,,,Social Auto-replies,https://help.klaviyo.com/hc/en-us/sections/50168641809051-Social-Auto-replies
50128030093211,Social Marketing,social-marketing,775426008,50169761864731,Social Events & Content,,,Social Events & Content,https://help.klaviyo.com/hc/en-us/sections/50169761864731-Social-Events-Content
49375107982619,WhatsApp,whatsapp,775426009,49375959162395,Getting started with WhatsApp,,,Getting started with WhatsApp,https://help.klaviyo.com/hc/en-us/sections/49375959162395-Getting-started-with-WhatsApp
49375107982619,WhatsApp,whatsapp,775426009,49375937946395,Migrate to Klaviyo,,,Migrate to Klaviyo,https://help.klaviyo.com/hc/en-us/sections/49375937946395-Migrate-to-Klaviyo
49375107982619,WhatsApp,whatsapp,775426009,49375968852507,Understand WhatsApp with Klaviyo,,,Understand WhatsApp with Klaviyo,https://help.klaviyo.com/hc/en-us/sections/49375968852507-Understand-WhatsApp-with-Klaviyo
49375107982619,WhatsApp,whatsapp,775426009,49375924951451,Send and use WhatsApp with Klaviyo,,,Send and use WhatsApp with Klaviyo,https://help.klaviyo.com/hc/en-us/sections/49375924951451-Send-and-use-WhatsApp-with-Klaviyo
34141283979931,Customer Hub,customer-hub,775425997,49375871281947,Getting started with Customer Hub,34141442538139,Set up Customer Hub,Set up Customer Hub > Getting started with Customer Hub,https://help.klaviyo.com/hc/en-us/sections/49375871281947-Getting-started-with-Customer-Hub
34141283979931,Customer Hub,customer-hub,775425997,34141442538139,Set up Customer Hub,,,Set up Customer Hub,https://help.klaviyo.com/hc/en-us/sections/34141442538139-Set-up-Customer-Hub
34141283979931,Customer Hub,customer-hub,775425997,49375855492123,Build and use Customer Hub,34141442538139,Set up Customer Hub,Set up Customer Hub > Build and use Customer Hub,https://help.klaviyo.com/hc/en-us/sections/49375855492123-Build-and-use-Customer-Hub
34141283979931,Customer Hub,customer-hub,775425997,49375836735387,Use web chat,,,Use web chat,https://help.klaviyo.com/hc/en-us/sections/49375836735387-Use-web-chat
34141283979931,Customer Hub,customer-hub,775425997,49375862170267,Integrate other platforms with Customer Hub,34141442538139,Set up Customer Hub,Set up Customer Hub > Integrate other platforms with Customer Hub,https://help.klaviyo.com/hc/en-us/sections/49375862170267-Integrate-other-platforms-with-Customer-Hub
45954023294747,Helpdesk,helpdesk,775426000,45954083727259,Foundation & Setup,,,Foundation & Setup,https://help.klaviyo.com/hc/en-us/sections/45954083727259-Foundation-Setup
45954023294747,Helpdesk,helpdesk,775426000,45954133286171,Channel & Integration Management,,,Channel & Integration Management,https://help.klaviyo.com/hc/en-us/sections/45954133286171-Channel-Integration-Management
45954023294747,Helpdesk,helpdesk,775426000,45954159809179,Routing & Automation,,,Routing & Automation,https://help.klaviyo.com/hc/en-us/sections/45954159809179-Routing-Automation
45954023294747,Helpdesk,helpdesk,775426000,45954205436059,Team Workflow & Productivity,,,Team Workflow & Productivity,https://help.klaviyo.com/hc/en-us/sections/45954205436059-Team-Workflow-Productivity
45954023294747,Helpdesk,helpdesk,775426000,45954230121499,Optimization & Analytics,,,Optimization & Analytics,https://help.klaviyo.com/hc/en-us/sections/45954230121499-Optimization-Analytics
18073014919195,Advanced KDP & Marketing Analytics,advanced-kdp-marketing-analytics,775425991,49375970379419,Attribution (Advanced KDP and Marketing Analytics),,,Attribution (Advanced KDP and Marketing Analytics),https://help.klaviyo.com/hc/en-us/sections/49375970379419-Attribution-Advanced-KDP-and-Marketing-Analytics
18073014919195,Advanced KDP & Marketing Analytics,advanced-kdp-marketing-analytics,775425991,49375750380955,Catalog insights,18073047240091,Intelligence (Advanced KDP & Marketing Analytics),Intelligence (Advanced KDP & Marketing Analytics) > Catalog insights,https://help.klaviyo.com/hc/en-us/sections/49375750380955-Catalog-insights
18073014919195,Advanced KDP & Marketing Analytics,advanced-kdp-marketing-analytics,775425991,49375758051483,Customer insights,18073047240091,Intelligence (Advanced KDP & Marketing Analytics),Intelligence (Advanced KDP & Marketing Analytics) > Customer insights,https://help.klaviyo.com/hc/en-us/sections/49375758051483-Customer-insights
18073014919195,Advanced KDP & Marketing Analytics,advanced-kdp-marketing-analytics,775425991,49375841945499,Getting started with Marketing Analytics ,,,Getting started with Marketing Analytics ,https://help.klaviyo.com/hc/en-us/sections/49375841945499-Getting-started-with-Marketing-Analytics
18073014919195,Advanced KDP & Marketing Analytics,advanced-kdp-marketing-analytics,775425991,49375759137051,Monitors,28478928202523,Data management (Advanced KDP),Data management (Advanced KDP) > Monitors,https://help.klaviyo.com/hc/en-us/sections/49375759137051-Monitors
18073014919195,Advanced KDP & Marketing Analytics,advanced-kdp-marketing-analytics,775425991,49375715593115,Predictive models,18073047240091,Intelligence (Advanced KDP & Marketing Analytics),Intelligence (Advanced KDP & Marketing Analytics) > Predictive models,https://help.klaviyo.com/hc/en-us/sections/49375715593115-Predictive-models
18073014919195,Advanced KDP & Marketing Analytics,advanced-kdp-marketing-analytics,775425991,28478928202523,Data management (Advanced KDP),,,Data management (Advanced KDP),https://help.klaviyo.com/hc/en-us/sections/28478928202523-Data-management-Advanced-KDP
18073014919195,Advanced KDP & Marketing Analytics,advanced-kdp-marketing-analytics,775425991,49375651181211,Getting started with Advanced KDP,,,Getting started with Advanced KDP,https://help.klaviyo.com/hc/en-us/sections/49375651181211-Getting-started-with-Advanced-KDP
18073014919195,Advanced KDP & Marketing Analytics,advanced-kdp-marketing-analytics,775425991,49375674887195,Transformation,28478928202523,Data management (Advanced KDP),Data management (Advanced KDP) > Transformation,https://help.klaviyo.com/hc/en-us/sections/49375674887195-Transformation
18073014919195,Advanced KDP & Marketing Analytics,advanced-kdp-marketing-analytics,775425991,18073047240091,Intelligence (Advanced KDP & Marketing Analytics),,,Intelligence (Advanced KDP & Marketing Analytics),https://help.klaviyo.com/hc/en-us/sections/18073047240091-Intelligence-Advanced-KDP-Marketing-Analytics
18073014919195,Advanced KDP & Marketing Analytics,advanced-kdp-marketing-analytics,775425991,49375669200027,Syncing,28478928202523,Data management (Advanced KDP),Data management (Advanced KDP) > Syncing,https://help.klaviyo.com/hc/en-us/sections/49375669200027-Syncing
18073014919195,Advanced KDP & Marketing Analytics,advanced-kdp-marketing-analytics,775425991,49375670819099,Group membership API (Advanced KDP),,,Group membership API (Advanced KDP),https://help.klaviyo.com/hc/en-us/sections/49375670819099-Group-membership-API-Advanced-KDP
18073014919195,Advanced KDP & Marketing Analytics,advanced-kdp-marketing-analytics,775425991,49375661121819,Webhooks,28478928202523,Data management (Advanced KDP),Data management (Advanced KDP) > Webhooks,https://help.klaviyo.com/hc/en-us/sections/49375661121819-Webhooks
18073014919195,Advanced KDP & Marketing Analytics,advanced-kdp-marketing-analytics,775425991,49375648421915,Code,28478928202523,Data management (Advanced KDP),Data management (Advanced KDP) > Code,https://help.klaviyo.com/hc/en-us/sections/49375648421915-Code
49375133274139,Reviews,reviews,775426002,49375642273307,Getting started with reviews,,,Getting started with reviews,https://help.klaviyo.com/hc/en-us/sections/49375642273307-Getting-started-with-reviews
49375133274139,Reviews,reviews,775426002,49375666744731,Build and use reviews,,,Build and use reviews,https://help.klaviyo.com/hc/en-us/sections/49375666744731-Build-and-use-reviews
49375133274139,Reviews,reviews,775426002,49375667326491,Reviews best practices,,,Reviews best practices,https://help.klaviyo.com/hc/en-us/sections/49375667326491-Reviews-best-practices
115000867647,Account & billing,account-billing,775425990,14542887837083,Account,,,Account,https://help.klaviyo.com/hc/en-us/sections/14542887837083-Account
115000867647,Account & billing,account-billing,775425990,49375453955483,How Klaviyo bills,14542873138971,Billing,Billing > How Klaviyo bills,https://help.klaviyo.com/hc/en-us/sections/49375453955483-How-Klaviyo-bills
115000867647,Account & billing,account-billing,775425990,49375455119643,Message settings,14542875478171,"Email, SMS, and push notifications","Email, SMS, and push notifications > Message settings",https://help.klaviyo.com/hc/en-us/sections/49375455119643-Message-settings
115000867647,Account & billing,account-billing,775425990,49375450290331,Personal,14542887837083,Account,Account > Personal,https://help.klaviyo.com/hc/en-us/sections/49375450290331-Personal
115000867647,Account & billing,account-billing,775425990,49375494779547,Preference and hosted pages,14542933069211,Other,Other > Preference and hosted pages,https://help.klaviyo.com/hc/en-us/sections/49375494779547-Preference-and-hosted-pages
115000867647,Account & billing,account-billing,775425990,49375463691547,Adjust your plan,14542873138971,Billing,Billing > Adjust your plan,https://help.klaviyo.com/hc/en-us/sections/49375463691547-Adjust-your-plan
115000867647,Account & billing,account-billing,775425990,14542873138971,Billing,,,Billing,https://help.klaviyo.com/hc/en-us/sections/14542873138971-Billing
115000867647,Account & billing,account-billing,775425990,49375475267099,Organizational,14542887837083,Account,Account > Organizational,https://help.klaviyo.com/hc/en-us/sections/49375475267099-Organizational
115000867647,Account & billing,account-billing,775425990,49375455634203,Sender information,14542875478171,"Email, SMS, and push notifications","Email, SMS, and push notifications > Sender information",https://help.klaviyo.com/hc/en-us/sections/49375455634203-Sender-information
115000867647,Account & billing,account-billing,775425990,49375525020827,UTM tracking,14542933069211,Other,Other > UTM tracking,https://help.klaviyo.com/hc/en-us/sections/49375525020827-UTM-tracking
115000867647,Account & billing,account-billing,775425990,49375523386779,Domains and hosting,14542875478171,"Email, SMS, and push notifications","Email, SMS, and push notifications > Domains and hosting",https://help.klaviyo.com/hc/en-us/sections/49375523386779-Domains-and-hosting
115000867647,Account & billing,account-billing,775425990,49375508721947,Downloaded and scheduled reports,14542933069211,Other,Other > Downloaded and scheduled reports,https://help.klaviyo.com/hc/en-us/sections/49375508721947-Downloaded-and-scheduled-reports
115000867647,Account & billing,account-billing,775425990,14542875478171,"Email, SMS, and push notifications",,,"Email, SMS, and push notifications",https://help.klaviyo.com/hc/en-us/sections/14542875478171-Email-SMS-and-push-notifications
115000867647,Account & billing,account-billing,775425990,49375478116891,Tax information,14542873138971,Billing,Billing > Tax information,https://help.klaviyo.com/hc/en-us/sections/49375478116891-Tax-information
115000867647,Account & billing,account-billing,775425990,49375474735387,Users,14542887837083,Account,Account > Users,https://help.klaviyo.com/hc/en-us/sections/49375474735387-Users
115000867647,Account & billing,account-billing,775425990,49375463241883,API keys,14542887837083,Account,Account > API keys,https://help.klaviyo.com/hc/en-us/sections/49375463241883-API-keys
115000867647,Account & billing,account-billing,775425990,49375526160411,Account troubleshooting,14542933069211,Other,Other > Account troubleshooting,https://help.klaviyo.com/hc/en-us/sections/49375526160411-Account-troubleshooting
115000867647,Account & billing,account-billing,775425990,49375698592155,Portfolio,,,Portfolio,https://help.klaviyo.com/hc/en-us/sections/49375698592155-Portfolio
115000867647,Account & billing,account-billing,775425990,14542933069211,Other,,,Other,https://help.klaviyo.com/hc/en-us/sections/14542933069211-Other
115000867647,Account & billing,account-billing,775425990,49375482397083,Security,14542887837083,Account,Account > Security,https://help.klaviyo.com/hc/en-us/sections/49375482397083-Security
115000867647,Account & billing,account-billing,775425990,49375477142043,Tags,14542887837083,Account,Account > Tags,https://help.klaviyo.com/hc/en-us/sections/49375477142043-Tags
115000867647,Account & billing,account-billing,775425990,49375438295195,Understand Klaviyo,,,Understand Klaviyo,https://help.klaviyo.com/hc/en-us/sections/49375438295195-Understand-Klaviyo
115000874048,Analytics,analytics,775425992,49375656806939,A/B tests,18138285408539,Experiments,Experiments > A/B tests,https://help.klaviyo.com/hc/en-us/sections/49375656806939-A-B-tests
115000874048,Analytics,analytics,775425992,49375268765851,Analyze email results,49375905375899,"Campaign, flow, and audience analytics","Campaign, flow, and audience analytics > Analyze email results",https://help.klaviyo.com/hc/en-us/sections/49375268765851-Analyze-email-results
115000874048,Analytics,analytics,775425992,49375269321883,Email and flow strategies,49375903290651,Analytics calculations and strategies,Analytics calculations and strategies > Email and flow strategies,https://help.klaviyo.com/hc/en-us/sections/49375269321883-Email-and-flow-strategies
115000874048,Analytics,analytics,775425992,49375234472219,Getting started with Klaviyo reporting,14268485813403,Getting started with analytics,Getting started with analytics > Getting started with Klaviyo reporting,https://help.klaviyo.com/hc/en-us/sections/49375234472219-Getting-started-with-Klaviyo-reporting
115000874048,Analytics,analytics,775425992,14268485813403,Getting started with analytics,,,Getting started with analytics,https://help.klaviyo.com/hc/en-us/sections/14268485813403-Getting-started-with-analytics
115000874048,Analytics,analytics,775425992,49375261048347,Getting started with benchmarks,49375929883035,Benchmarks,Benchmarks > Getting started with benchmarks,https://help.klaviyo.com/hc/en-us/sections/49375261048347-Getting-started-with-benchmarks
115000874048,Analytics,analytics,775425992,49375266127259,Getting started with custom reports,49375887679515,Custom reports,Custom reports > Getting started with custom reports,https://help.klaviyo.com/hc/en-us/sections/49375266127259-Getting-started-with-custom-reports
115000874048,Analytics,analytics,775425992,49375226652315,Getting started with dashboards,14073874575899,Dashboards,Dashboards > Getting started with dashboards,https://help.klaviyo.com/hc/en-us/sections/49375226652315-Getting-started-with-dashboards
115000874048,Analytics,analytics,775425992,49375258862875,Getting started with metrics,49375928290587,Metrics,Metrics > Getting started with metrics,https://help.klaviyo.com/hc/en-us/sections/49375258862875-Getting-started-with-metrics
115000874048,Analytics,analytics,775425992,49375724434459,Global experiments,18138285408539,Experiments,Experiments > Global experiments,https://help.klaviyo.com/hc/en-us/sections/49375724434459-Global-experiments
115000874048,Analytics,analytics,775425992,49375689902619,Attribution,,,Attribution,https://help.klaviyo.com/hc/en-us/sections/49375689902619-Attribution
115000874048,Analytics,analytics,775425992,49375248876699,Build and use benchmarks,49375929883035,Benchmarks,Benchmarks > Build and use benchmarks,https://help.klaviyo.com/hc/en-us/sections/49375248876699-Build-and-use-benchmarks
115000874048,Analytics,analytics,775425992,49375276131739,Build and use custom reports,49375887679515,Custom reports,Custom reports > Build and use custom reports,https://help.klaviyo.com/hc/en-us/sections/49375276131739-Build-and-use-custom-reports
115000874048,Analytics,analytics,775425992,49375255588635,Build and use dashboards,14073874575899,Dashboards,Dashboards > Build and use dashboards,https://help.klaviyo.com/hc/en-us/sections/49375255588635-Build-and-use-dashboards
115000874048,Analytics,analytics,775425992,49375263424027,Build and use metrics,49375928290587,Metrics,Metrics > Build and use metrics,https://help.klaviyo.com/hc/en-us/sections/49375263424027-Build-and-use-metrics
115000874048,Analytics,analytics,775425992,49375243695771,Data explanations and attribution,14268485813403,Getting started with analytics,Getting started with analytics > Data explanations and attribution,https://help.klaviyo.com/hc/en-us/sections/49375243695771-Data-explanations-and-attribution
115000874048,Analytics,analytics,775425992,49375243224859,About cookies in Klaviyo,14268485813403,Getting started with analytics,Getting started with analytics > About cookies in Klaviyo,https://help.klaviyo.com/hc/en-us/sections/49375243224859-About-cookies-in-Klaviyo
115000874048,Analytics,analytics,775425992,49375275637531,Analyze lists and segments results,49375905375899,"Campaign, flow, and audience analytics","Campaign, flow, and audience analytics > Analyze lists and segments results",https://help.klaviyo.com/hc/en-us/sections/49375275637531-Analyze-lists-and-segments-results
115000874048,Analytics,analytics,775425992,49375262512411,Benchmarks best practices,49375929883035,Benchmarks,Benchmarks > Benchmarks best practices,https://help.klaviyo.com/hc/en-us/sections/49375262512411-Benchmarks-best-practices
115000874048,Analytics,analytics,775425992,49375251572891,Custom reports best practices,49375887679515,Custom reports,Custom reports > Custom reports best practices,https://help.klaviyo.com/hc/en-us/sections/49375251572891-Custom-reports-best-practices
115000874048,Analytics,analytics,775425992,49375228749595,Dashboard reports troubleshooting,14073874575899,Dashboards,Dashboards > Dashboard reports troubleshooting,https://help.klaviyo.com/hc/en-us/sections/49375228749595-Dashboard-reports-troubleshooting
115000874048,Analytics,analytics,775425992,14073874575899,Dashboards,,,Dashboards,https://help.klaviyo.com/hc/en-us/sections/14073874575899-Dashboards
115000874048,Analytics,analytics,775425992,49375245825179,Metrics best practices,49375928290587,Metrics,Metrics > Metrics best practices,https://help.klaviyo.com/hc/en-us/sections/49375245825179-Metrics-best-practices
115000874048,Analytics,analytics,775425992,49375928290587,Metrics,,,Metrics,https://help.klaviyo.com/hc/en-us/sections/49375928290587-Metrics
115000874048,Analytics,analytics,775425992,49375247843227,Metrics troubleshooting,49375928290587,Metrics,Metrics > Metrics troubleshooting,https://help.klaviyo.com/hc/en-us/sections/49375247843227-Metrics-troubleshooting
115000874048,Analytics,analytics,775425992,49375929883035,Benchmarks,,,Benchmarks,https://help.klaviyo.com/hc/en-us/sections/49375929883035-Benchmarks
115000874048,Analytics,analytics,775425992,49375672351515,Deliverability,,,Deliverability,https://help.klaviyo.com/hc/en-us/sections/49375672351515-Deliverability
115000874048,Analytics,analytics,775425992,49375887679515,Custom reports,,,Custom reports,https://help.klaviyo.com/hc/en-us/sections/49375887679515-Custom-reports
115000874048,Analytics,analytics,775425992,18138285408539,Experiments,,,Experiments,https://help.klaviyo.com/hc/en-us/sections/18138285408539-Experiments
115000874048,Analytics,analytics,775425992,49375905375899,"Campaign, flow, and audience analytics",,,"Campaign, flow, and audience analytics",https://help.klaviyo.com/hc/en-us/sections/49375905375899-Campaign-flow-and-audience-analytics
115000874048,Analytics,analytics,775425992,49375903290651,Analytics calculations and strategies,,,Analytics calculations and strategies,https://help.klaviyo.com/hc/en-us/sections/49375903290651-Analytics-calculations-and-strategies
115000867867,Audience,audience,775426006,49375376184475,Getting started with lists and segments,14512077651099,Lists and segments,Lists and segments > Getting started with lists and segments,https://help.klaviyo.com/hc/en-us/sections/49375376184475-Getting-started-with-lists-and-segments
115000867867,Audience,audience,775426006,49375387362331,Getting started with profiles,14508656438555,Profiles,Profiles > Getting started with profiles,https://help.klaviyo.com/hc/en-us/sections/49375387362331-Getting-started-with-profiles
115000867867,Audience,audience,775426006,18336907150491,Growth tools,,,Growth tools,https://help.klaviyo.com/hc/en-us/sections/18336907150491-Growth-tools
115000867867,Audience,audience,775426006,49375671611547,Use growth tools,18336907150491,Growth tools,Growth tools > Use growth tools,https://help.klaviyo.com/hc/en-us/sections/49375671611547-Use-growth-tools
115000867867,Audience,audience,775426006,49375383465243,Build and use lists,14512077651099,Lists and segments,Lists and segments > Build and use lists,https://help.klaviyo.com/hc/en-us/sections/49375383465243-Build-and-use-lists
115000867867,Audience,audience,775426006,14512077651099,Lists and segments,,,Lists and segments,https://help.klaviyo.com/hc/en-us/sections/14512077651099-Lists-and-segments
115000867867,Audience,audience,775426006,49375415469339,Understand profiles,14508656438555,Profiles,Profiles > Understand profiles,https://help.klaviyo.com/hc/en-us/sections/49375415469339-Understand-profiles
115000867867,Audience,audience,775426006,49375416013339,Build and use segments,14512077651099,Lists and segments,Lists and segments > Build and use segments,https://help.klaviyo.com/hc/en-us/sections/49375416013339-Build-and-use-segments
115000867867,Audience,audience,775426006,49375414914715,Profile management,14508656438555,Profiles,Profiles > Profile management,https://help.klaviyo.com/hc/en-us/sections/49375414914715-Profile-management
115000867867,Audience,audience,775426006,14508656438555,Profiles,,,Profiles,https://help.klaviyo.com/hc/en-us/sections/14508656438555-Profiles
115000867867,Audience,audience,775426006,45191949659547,Geofences,,,Geofences,https://help.klaviyo.com/hc/en-us/sections/45191949659547-Geofences
115000867867,Audience,audience,775426006,49375416542491,Segment examples and types,14512077651099,Lists and segments,Lists and segments > Segment examples and types,https://help.klaviyo.com/hc/en-us/sections/49375416542491-Segment-examples-and-types
115000867867,Audience,audience,775426006,49375404972699,List and segments best practices,14512077651099,Lists and segments,Lists and segments > List and segments best practices,https://help.klaviyo.com/hc/en-us/sections/49375404972699-List-and-segments-best-practices
115000867867,Audience,audience,775426006,49375440090395,List and segments troubleshooting,14512077651099,Lists and segments,Lists and segments > List and segments troubleshooting,https://help.klaviyo.com/hc/en-us/sections/49375440090395-List-and-segments-troubleshooting
49375106949275,Campaigns,campaigns,775425993,49375421843483,Email campaigns,,,Email campaigns,https://help.klaviyo.com/hc/en-us/sections/49375421843483-Email-campaigns
49375106949275,Campaigns,campaigns,775425993,49375700794011,Getting started with campaigns,,,Getting started with campaigns,https://help.klaviyo.com/hc/en-us/sections/49375700794011-Getting-started-with-campaigns
49375106949275,Campaigns,campaigns,775425993,49375434864411,Getting started with email campaigns,49375421843483,Email campaigns,Email campaigns > Getting started with email campaigns,https://help.klaviyo.com/hc/en-us/sections/49375434864411-Getting-started-with-email-campaigns
49375106949275,Campaigns,campaigns,775425993,49375435350811,Build and send email campaigns,49375421843483,Email campaigns,Email campaigns > Build and send email campaigns,https://help.klaviyo.com/hc/en-us/sections/49375435350811-Build-and-send-email-campaigns
49375106949275,Campaigns,campaigns,775425993,49375413332763,Test and analyze campaigns,49375421843483,Email campaigns,Email campaigns > Test and analyze campaigns,https://help.klaviyo.com/hc/en-us/sections/49375413332763-Test-and-analyze-campaigns
49375106949275,Campaigns,campaigns,775425993,49375421251483,Email campaign troubleshooting,49375421843483,Email campaigns,Email campaigns > Email campaign troubleshooting,https://help.klaviyo.com/hc/en-us/sections/49375421251483-Email-campaign-troubleshooting
49375106949275,Campaigns,campaigns,775425993,49375884050075,Push notification campaigns,,,Push notification campaigns,https://help.klaviyo.com/hc/en-us/sections/49375884050075-Push-notification-campaigns
14234163769755,Conversations,conversations,775425995,49375845122587,Automations,,,Automations,https://help.klaviyo.com/hc/en-us/sections/49375845122587-Automations
14234163769755,Conversations,conversations,775425995,33948021740315,Helpdesk,,,Helpdesk,https://help.klaviyo.com/hc/en-us/sections/33948021740315-Helpdesk
14234163769755,Conversations,conversations,775425995,49375591462811,Configure and use Helpdesk,33948021740315,Helpdesk,Helpdesk > Configure and use Helpdesk,https://help.klaviyo.com/hc/en-us/sections/49375591462811-Configure-and-use-Helpdesk
14234163769755,Conversations,conversations,775425995,49375900228635,Customer Agent,,,Customer Agent,https://help.klaviyo.com/hc/en-us/sections/49375900228635-Customer-Agent
4414879524891,Content,content,775425994,49375550228763,Getting started with coupons,14544782046619,Coupons,Coupons > Getting started with coupons,https://help.klaviyo.com/hc/en-us/sections/49375550228763-Getting-started-with-coupons
4414879524891,Content,content,775425994,49375872847131,Getting started with objects,35105327347355,Objects,Objects > Getting started with objects,https://help.klaviyo.com/hc/en-us/sections/49375872847131-Getting-started-with-objects
4414879524891,Content,content,775425994,49375624479003,Getting started with products,49375608819739,Products,Products > Getting started with products,https://help.klaviyo.com/hc/en-us/sections/49375624479003-Getting-started-with-products
4414879524891,Content,content,775425994,49375507646363,Getting started with templates,14543554717467,Templates,Templates > Getting started with templates,https://help.klaviyo.com/hc/en-us/sections/49375507646363-Getting-started-with-templates
4414879524891,Content,content,775425994,14543554717467,Templates,,,Templates,https://help.klaviyo.com/hc/en-us/sections/14543554717467-Templates
4414879524891,Content,content,775425994,49375625008283,Build and use products ,49375608819739,Products,Products > Build and use products ,https://help.klaviyo.com/hc/en-us/sections/49375625008283-Build-and-use-products
4414879524891,Content,content,775425994,49375559270427,Build and use templates,14543554717467,Templates,Templates > Build and use templates,https://help.klaviyo.com/hc/en-us/sections/49375559270427-Build-and-use-templates
4414879524891,Content,content,775425994,49375551401115,Coupons and ecommerce integrations,14544782046619,Coupons,Coupons > Coupons and ecommerce integrations,https://help.klaviyo.com/hc/en-us/sections/49375551401115-Coupons-and-ecommerce-integrations
4414879524891,Content,content,775425994,49375608819739,Products,,,Products,https://help.klaviyo.com/hc/en-us/sections/49375608819739-Products
4414879524891,Content,content,775425994,49375857053851,Use objects in Klaviyo,35105327347355,Objects,Objects > Use objects in Klaviyo,https://help.klaviyo.com/hc/en-us/sections/49375857053851-Use-objects-in-Klaviyo
4414879524891,Content,content,775425994,14544782046619,Coupons,,,Coupons,https://help.klaviyo.com/hc/en-us/sections/14544782046619-Coupons
4414879524891,Content,content,775425994,49375545220123,Use variable syntax and tags,14543554717467,Templates,Templates > Use variable syntax and tags,https://help.klaviyo.com/hc/en-us/sections/49375545220123-Use-variable-syntax-and-tags
4414879524891,Content,content,775425994,35105327347355,Objects,,,Objects,https://help.klaviyo.com/hc/en-us/sections/35105327347355-Objects
4414879524891,Content,content,775425994,49375572515355,Design best practices,14543554717467,Templates,Templates > Design best practices,https://help.klaviyo.com/hc/en-us/sections/49375572515355-Design-best-practices
4414879524891,Content,content,775425994,49375573073947,Advanced template design,14543554717467,Templates,Templates > Advanced template design,https://help.klaviyo.com/hc/en-us/sections/49375573073947-Advanced-template-design
4414879524891,Content,content,775425994,49375607281819,Template troubleshooting ,14543554717467,Templates,Templates > Template troubleshooting ,https://help.klaviyo.com/hc/en-us/sections/49375607281819-Template-troubleshooting
115000873988,Deliverability & compliance,deliverability-compliance,775425998,14506155839515,"Compliance, consent, and data privacy",,,"Compliance, consent, and data privacy",https://help.klaviyo.com/hc/en-us/sections/14506155839515-Compliance-consent-and-data-privacy
115000873988,Deliverability & compliance,deliverability-compliance,775425998,49375398329243,Consent and privacy,14506155839515,"Compliance, consent, and data privacy","Compliance, consent, and data privacy > Consent and privacy",https://help.klaviyo.com/hc/en-us/sections/49375398329243-Consent-and-privacy
115000873988,Deliverability & compliance,deliverability-compliance,775425998,49375299121435,Getting started with email deliverability,14416651431323,Email deliverability,Email deliverability > Getting started with email deliverability,https://help.klaviyo.com/hc/en-us/sections/49375299121435-Getting-started-with-email-deliverability
115000873988,Deliverability & compliance,deliverability-compliance,775425998,49375384641435,Klaviyo compliance,14506155839515,"Compliance, consent, and data privacy","Compliance, consent, and data privacy > Klaviyo compliance",https://help.klaviyo.com/hc/en-us/sections/49375384641435-Klaviyo-compliance
115000873988,Deliverability & compliance,deliverability-compliance,775425998,49375370518555,Warm and ramp your domain,14416651431323,Email deliverability,Email deliverability > Warm and ramp your domain,https://help.klaviyo.com/hc/en-us/sections/49375370518555-Warm-and-ramp-your-domain
115000873988,Deliverability & compliance,deliverability-compliance,775425998,14416651431323,Email deliverability,,,Email deliverability,https://help.klaviyo.com/hc/en-us/sections/14416651431323-Email-deliverability
115000873988,Deliverability & compliance,deliverability-compliance,775425998,49375400060059,Monitor deliverability and metrics,14416651431323,Email deliverability,Email deliverability > Monitor deliverability and metrics,https://help.klaviyo.com/hc/en-us/sections/49375400060059-Monitor-deliverability-and-metrics
115000873988,Deliverability & compliance,deliverability-compliance,775425998,49375400846107,Deliverability best practices and tools,14416651431323,Email deliverability,Email deliverability > Deliverability best practices and tools,https://help.klaviyo.com/hc/en-us/sections/49375400846107-Deliverability-best-practices-and-tools
115000873988,Deliverability & compliance,deliverability-compliance,775425998,49375422664091,GDPR and CCPA,,,GDPR and CCPA,https://help.klaviyo.com/hc/en-us/sections/49375422664091-GDPR-and-CCPA
115000032731,Integrations,integrations,775426001,49375418063899,ActBlue,14442709641499,Fundraising,Fundraising > ActBlue,https://help.klaviyo.com/hc/en-us/sections/49375418063899-ActBlue
115000032731,Integrations,integrations,775426001,49375437778587,All integrations,49375885989787,How integrations work,How integrations work > All integrations,https://help.klaviyo.com/hc/en-us/sections/49375437778587-All-integrations
115000032731,Integrations,integrations,775426001,49375695997851,Canva,14508660690203,More integrations,More integrations > Canva,https://help.klaviyo.com/hc/en-us/sections/49375695997851-Canva
115000032731,Integrations,integrations,775426001,49375270871835,Chargebee,115001497827,Payments,Payments > Chargebee,https://help.klaviyo.com/hc/en-us/sections/49375270871835-Chargebee
115000032731,Integrations,integrations,775426001,49375712903579,ChowNow,49375842536731,Restaurants,Restaurants > ChowNow,https://help.klaviyo.com/hc/en-us/sections/49375712903579-ChowNow
115000032731,Integrations,integrations,775426001,49375952441243,Cloudbeds,37673289679771,Hotels and travel,Hotels and travel > Cloudbeds,https://help.klaviyo.com/hc/en-us/sections/49375952441243-Cloudbeds
115000032731,Integrations,integrations,775426001,49375709970843,Dutchie POS,49375834311579,POS,POS > Dutchie POS,https://help.klaviyo.com/hc/en-us/sections/49375709970843-Dutchie-POS
115000032731,Integrations,integrations,775426001,49375465238811,Ecommerce integrations,49375885989787,How integrations work,How integrations work > Ecommerce integrations,https://help.klaviyo.com/hc/en-us/sections/49375465238811-Ecommerce-integrations
115000032731,Integrations,integrations,775426001,48484642896283,General,37673289679771,Hotels and travel,Hotels and travel > General,https://help.klaviyo.com/hc/en-us/sections/48484642896283-General
115000032731,Integrations,integrations,775426001,49375348896539,Getting started with BigCommerce,115001509808,BigCommerce,BigCommerce > Getting started with BigCommerce,https://help.klaviyo.com/hc/en-us/sections/49375348896539-Getting-started-with-BigCommerce
115000032731,Integrations,integrations,775426001,49375363814555,Getting started with Shopify,115001509748,Shopify,Shopify > Getting started with Shopify,https://help.klaviyo.com/hc/en-us/sections/49375363814555-Getting-started-with-Shopify
115000032731,Integrations,integrations,775426001,49375361959963,Getting started with WooCommerce,49375926871067,WooCommerce,WooCommerce > Getting started with WooCommerce,https://help.klaviyo.com/hc/en-us/sections/49375361959963-Getting-started-with-WooCommerce
115000032731,Integrations,integrations,775426001,49375230792219,Gorgias,14515594814619,Support and help desk,Support and help desk > Gorgias,https://help.klaviyo.com/hc/en-us/sections/49375230792219-Gorgias
115000032731,Integrations,integrations,775426001,49375906904603,Guesty,37673289679771,Hotels and travel,Hotels and travel > Guesty,https://help.klaviyo.com/hc/en-us/sections/49375906904603-Guesty
115000032731,Integrations,integrations,775426001,49375230225051,Magento 1,14521703806363,Adobe Commerce (Magento),Adobe Commerce (Magento) > Magento 1,https://help.klaviyo.com/hc/en-us/sections/49375230225051-Magento-1
115000032731,Integrations,integrations,775426001,49375921845787,Mews,37673289679771,Hotels and travel,Hotels and travel > Mews,https://help.klaviyo.com/hc/en-us/sections/49375921845787-Mews
115000032731,Integrations,integrations,775426001,49375544319515,Migrate from an email service provider,49375918518171,Migrate to Klaviyo,Migrate to Klaviyo > Migrate from an email service provider,https://help.klaviyo.com/hc/en-us/sections/49375544319515-Migrate-from-an-email-service-provider
115000032731,Integrations,integrations,775426001,49375918518171,Migrate to Klaviyo,,,Migrate to Klaviyo,https://help.klaviyo.com/hc/en-us/sections/49375918518171-Migrate-to-Klaviyo
115000032731,Integrations,integrations,775426001,49375361359643,BigCommerce best practices,115001509808,BigCommerce,BigCommerce > BigCommerce best practices,https://help.klaviyo.com/hc/en-us/sections/49375361359643-BigCommerce-best-practices
115000032731,Integrations,integrations,775426001,49375304270747,Help Scout,14515594814619,Support and help desk,Support and help desk > Help Scout,https://help.klaviyo.com/hc/en-us/sections/49375304270747-Help-Scout
115000032731,Integrations,integrations,775426001,49375208299035,Lightspeed,49375834311579,POS,POS > Lightspeed,https://help.klaviyo.com/hc/en-us/sections/49375208299035-Lightspeed
115000032731,Integrations,integrations,775426001,49375848540187,Magento 2,14521703806363,Adobe Commerce (Magento),Adobe Commerce (Magento) > Magento 2,https://help.klaviyo.com/hc/en-us/sections/49375848540187-Magento-2
115000032731,Integrations,integrations,775426001,49375599125915,Migrate from an SMS platform,49375918518171,Migrate to Klaviyo,Migrate to Klaviyo > Migrate from an SMS platform,https://help.klaviyo.com/hc/en-us/sections/49375599125915-Migrate-from-an-SMS-platform
115000032731,Integrations,integrations,775426001,49375633481115,Olo,49375842536731,Restaurants,Restaurants > Olo,https://help.klaviyo.com/hc/en-us/sections/49375633481115-Olo
115000032731,Integrations,integrations,775426001,49375270259227,Segment,14508660690203,More integrations,More integrations > Segment,https://help.klaviyo.com/hc/en-us/sections/49375270259227-Segment
115000032731,Integrations,integrations,775426001,115001509748,Shopify,,,Shopify,https://help.klaviyo.com/hc/en-us/sections/115001509748-Shopify
115000032731,Integrations,integrations,775426001,49375337479451,Shopify best practices,115001509748,Shopify,Shopify > Shopify best practices,https://help.klaviyo.com/hc/en-us/sections/49375337479451-Shopify-best-practices
115000032731,Integrations,integrations,775426001,49375362527003,WooCommerce best practices,49375926871067,WooCommerce,WooCommerce > WooCommerce best practices,https://help.klaviyo.com/hc/en-us/sections/49375362527003-WooCommerce-best-practices
115000032731,Integrations,integrations,775426001,49375866312475,Eventbrite,14508660690203,More integrations,More integrations > Eventbrite,https://help.klaviyo.com/hc/en-us/sections/49375866312475-Eventbrite
115000032731,Integrations,integrations,775426001,49375712221211,Intercom,14515594814619,Support and help desk,Support and help desk > Intercom,https://help.klaviyo.com/hc/en-us/sections/49375712221211-Intercom
115000032731,Integrations,integrations,775426001,49375703042715,OpenTable,49375842536731,Restaurants,Restaurants > OpenTable,https://help.klaviyo.com/hc/en-us/sections/49375703042715-OpenTable
115000032731,Integrations,integrations,775426001,49375313263771,Recurly,115001497827,Payments,Payments > Recurly,https://help.klaviyo.com/hc/en-us/sections/49375313263771-Recurly
115000032731,Integrations,integrations,775426001,49375372745115,Shopify troubleshooting,115001509748,Shopify,Shopify > Shopify troubleshooting,https://help.klaviyo.com/hc/en-us/sections/49375372745115-Shopify-troubleshooting
115000032731,Integrations,integrations,775426001,49375204777755,Square,49375834311579,POS,POS > Square,https://help.klaviyo.com/hc/en-us/sections/49375204777755-Square
115000032731,Integrations,integrations,775426001,49375926871067,WooCommerce,,,WooCommerce,https://help.klaviyo.com/hc/en-us/sections/49375926871067-WooCommerce
115000032731,Integrations,integrations,775426001,49375375690779,WooCommerce troubleshooting,49375926871067,WooCommerce,WooCommerce > WooCommerce troubleshooting,https://help.klaviyo.com/hc/en-us/sections/49375375690779-WooCommerce-troubleshooting
115000032731,Integrations,integrations,775426001,14521703806363,Adobe Commerce (Magento),,,Adobe Commerce (Magento),https://help.klaviyo.com/hc/en-us/sections/14521703806363-Adobe-Commerce-Magento
115000032731,Integrations,integrations,775426001,49375618546715,Amazon Buy with Prime,14508660690203,More integrations,More integrations > Amazon Buy with Prime,https://help.klaviyo.com/hc/en-us/sections/49375618546715-Amazon-Buy-with-Prime
115000032731,Integrations,integrations,775426001,49375303752731,Olark,14515594814619,Support and help desk,Support and help desk > Olark,https://help.klaviyo.com/hc/en-us/sections/49375303752731-Olark
115000032731,Integrations,integrations,775426001,49375701875995,PAR Punchh,49375842536731,Restaurants,Restaurants > PAR Punchh,https://help.klaviyo.com/hc/en-us/sections/49375701875995-PAR-Punchh
115000032731,Integrations,integrations,775426001,49375433788699,Stripe,115001497827,Payments,Payments > Stripe,https://help.klaviyo.com/hc/en-us/sections/49375433788699-Stripe
115000032731,Integrations,integrations,775426001,49375328411035,OpenCart,14508660690203,More integrations,More integrations > OpenCart,https://help.klaviyo.com/hc/en-us/sections/49375328411035-OpenCart
115000032731,Integrations,integrations,775426001,49375889864603,PrestaShop,,,PrestaShop,https://help.klaviyo.com/hc/en-us/sections/49375889864603-PrestaShop
115000032731,Integrations,integrations,775426001,49375725776283,Thanx,49375842536731,Restaurants,Restaurants > Thanx,https://help.klaviyo.com/hc/en-us/sections/49375725776283-Thanx
115000032731,Integrations,integrations,775426001,49375324517787,Zendesk,14515594814619,Support and help desk,Support and help desk > Zendesk,https://help.klaviyo.com/hc/en-us/sections/49375324517787-Zendesk
115000032731,Integrations,integrations,775426001,115001509808,BigCommerce,,,BigCommerce,https://help.klaviyo.com/hc/en-us/sections/115001509808-BigCommerce
115000032731,Integrations,integrations,775426001,49375320292763,Shift4Shop,14508660690203,More integrations,More integrations > Shift4Shop,https://help.klaviyo.com/hc/en-us/sections/49375320292763-Shift4Shop
115000032731,Integrations,integrations,775426001,49375688471707,Toast,49375842536731,Restaurants,Restaurants > Toast,https://help.klaviyo.com/hc/en-us/sections/49375688471707-Toast
115000032731,Integrations,integrations,775426001,49375912534427,Salesforce Commerce Cloud,,,Salesforce Commerce Cloud,https://help.klaviyo.com/hc/en-us/sections/49375912534427-Salesforce-Commerce-Cloud
115000032731,Integrations,integrations,775426001,49375225542683,Shopware,14508660690203,More integrations,More integrations > Shopware,https://help.klaviyo.com/hc/en-us/sections/49375225542683-Shopware
115000032731,Integrations,integrations,775426001,49375329648795,Spree,14508660690203,More integrations,More integrations > Spree,https://help.klaviyo.com/hc/en-us/sections/49375329648795-Spree
115000032731,Integrations,integrations,775426001,49375976757403,Wix,,,Wix,https://help.klaviyo.com/hc/en-us/sections/49375976757403-Wix
115000032731,Integrations,integrations,775426001,33922291008283,Advertising,,,Advertising,https://help.klaviyo.com/hc/en-us/sections/33922291008283-Advertising
115000032731,Integrations,integrations,775426001,49375215615771,Volusion,14508660690203,More integrations,More integrations > Volusion,https://help.klaviyo.com/hc/en-us/sections/49375215615771-Volusion
115000032731,Integrations,integrations,775426001,46281687549467,Klaviyo app for ChatGPT,,,Klaviyo app for ChatGPT,https://help.klaviyo.com/hc/en-us/sections/46281687549467-Klaviyo-app-for-ChatGPT
115000032731,Integrations,integrations,775426001,49375823429659,Salesforce CRM,14508660690203,More integrations,More integrations > Salesforce CRM,https://help.klaviyo.com/hc/en-us/sections/49375823429659-Salesforce-CRM
115000032731,Integrations,integrations,775426001,49375834311579,POS,,,POS,https://help.klaviyo.com/hc/en-us/sections/49375834311579-POS
115000032731,Integrations,integrations,775426001,49375844112283,Zoho,14508660690203,More integrations,More integrations > Zoho,https://help.klaviyo.com/hc/en-us/sections/49375844112283-Zoho
115000032731,Integrations,integrations,775426001,14515594814619,Support and help desk,,,Support and help desk,https://help.klaviyo.com/hc/en-us/sections/14515594814619-Support-and-help-desk
115000032731,Integrations,integrations,775426001,49375442134939,Landing pages and forms,,,Landing pages and forms,https://help.klaviyo.com/hc/en-us/sections/49375442134939-Landing-pages-and-forms
115000032731,Integrations,integrations,775426001,49375842536731,Restaurants,,,Restaurants,https://help.klaviyo.com/hc/en-us/sections/49375842536731-Restaurants
115000032731,Integrations,integrations,775426001,49375858731163,Health and wellness,,,Health and wellness,https://help.klaviyo.com/hc/en-us/sections/49375858731163-Health-and-wellness
115000032731,Integrations,integrations,775426001,115000036291,Meta Ads,33922291008283,Advertising,Advertising > Meta Ads,https://help.klaviyo.com/hc/en-us/sections/115000036291-Meta-Ads
115000032731,Integrations,integrations,775426001,37673289679771,Hotels and travel,,,Hotels and travel,https://help.klaviyo.com/hc/en-us/sections/37673289679771-Hotels-and-travel
115000032731,Integrations,integrations,775426001,49375957106587,Google Ads,33922291008283,Advertising,Advertising > Google Ads,https://help.klaviyo.com/hc/en-us/sections/49375957106587-Google-Ads
115000032731,Integrations,integrations,775426001,14515580344859,Shipping,,,Shipping,https://help.klaviyo.com/hc/en-us/sections/14515580344859-Shipping
115000032731,Integrations,integrations,775426001,115001497827,Payments,,,Payments,https://help.klaviyo.com/hc/en-us/sections/115001497827-Payments
115000032731,Integrations,integrations,775426001,49375686859419,TikTok Audiences,33922291008283,Advertising,Advertising > TikTok Audiences,https://help.klaviyo.com/hc/en-us/sections/49375686859419-TikTok-Audiences
115000032731,Integrations,integrations,775426001,14442709641499,Fundraising,,,Fundraising,https://help.klaviyo.com/hc/en-us/sections/14442709641499-Fundraising
115000032731,Integrations,integrations,775426001,49375731271323,Pinterest,33922291008283,Advertising,Advertising > Pinterest,https://help.klaviyo.com/hc/en-us/sections/49375731271323-Pinterest
115000032731,Integrations,integrations,775426001,14508660690203,More integrations,,,More integrations,https://help.klaviyo.com/hc/en-us/sections/14508660690203-More-integrations
115000032731,Integrations,integrations,775426001,49375213829275,Custom integrations,,,Custom integrations,https://help.klaviyo.com/hc/en-us/sections/49375213829275-Custom-integrations
115000032731,Integrations,integrations,775426001,49375648927771,Boulevard,49375858731163,Health and wellness,Health and wellness > Boulevard,https://help.klaviyo.com/hc/en-us/sections/49375648927771-Boulevard
115000032731,Integrations,integrations,775426001,49375885989787,How integrations work,,,How integrations work,https://help.klaviyo.com/hc/en-us/sections/49375885989787-How-integrations-work
115000032731,Integrations,integrations,775426001,49375589754907,Mindbody,49375858731163,Health and wellness,Health and wellness > Mindbody,https://help.klaviyo.com/hc/en-us/sections/49375589754907-Mindbody
115000032731,Integrations,integrations,775426001,49375631549979,Zenoti,49375858731163,Health and wellness,Health and wellness > Zenoti,https://help.klaviyo.com/hc/en-us/sections/49375631549979-Zenoti
115000032731,Integrations,integrations,775426001,49375330892955,Kickoff Labs,49375442134939,Landing pages and forms,Landing pages and forms > Kickoff Labs,https://help.klaviyo.com/hc/en-us/sections/49375330892955-Kickoff-Labs
115000032731,Integrations,integrations,775426001,49375302228891,Typeform,49375442134939,Landing pages and forms,Landing pages and forms > Typeform,https://help.klaviyo.com/hc/en-us/sections/49375302228891-Typeform
115000032731,Integrations,integrations,775426001,49375306241051,Unbounce,49375442134939,Landing pages and forms,Landing pages and forms > Unbounce,https://help.klaviyo.com/hc/en-us/sections/49375306241051-Unbounce
115000032731,Integrations,integrations,775426001,49375880717979,ShipStation,14515580344859,Shipping,Shipping > ShipStation,https://help.klaviyo.com/hc/en-us/sections/49375880717979-ShipStation
115000032731,Integrations,integrations,775426001,49375313742235,Wufoo,49375442134939,Landing pages and forms,Landing pages and forms > Wufoo,https://help.klaviyo.com/hc/en-us/sections/49375313742235-Wufoo
115000032731,Integrations,integrations,775426001,49375355165723,Classy,14442709641499,Fundraising,Fundraising > Classy,https://help.klaviyo.com/hc/en-us/sections/49375355165723-Classy
115000032731,Integrations,integrations,775426001,49375333314971,Donate.ly,14442709641499,Fundraising,Fundraising > Donate.ly,https://help.klaviyo.com/hc/en-us/sections/49375333314971-Donate-ly
115000032731,Integrations,integrations,775426001,49375356067483,DonorPerfect,14442709641499,Fundraising,Fundraising > DonorPerfect,https://help.klaviyo.com/hc/en-us/sections/49375356067483-DonorPerfect
115000032731,Integrations,integrations,775426001,49375327972635,Funraise,14442709641499,Fundraising,Fundraising > Funraise,https://help.klaviyo.com/hc/en-us/sections/49375327972635-Funraise
115000032731,Integrations,integrations,775426001,49375356604443,NeonCRM,14442709641499,Fundraising,Fundraising > NeonCRM,https://help.klaviyo.com/hc/en-us/sections/49375356604443-NeonCRM
115000032731,Integrations,integrations,775426001,49375216127259,Bloomerang Fundraising,14442709641499,Fundraising,Fundraising > Bloomerang Fundraising,https://help.klaviyo.com/hc/en-us/sections/49375216127259-Bloomerang-Fundraising
115000312411,Flows,flows,775425999,49375519423259,Abandoned cart flows,14543713508123,Flow best practices and examples,Flow best practices and examples > Abandoned cart flows,https://help.klaviyo.com/hc/en-us/sections/49375519423259-Abandoned-cart-flows
115000312411,Flows,flows,775425999,14543417672475,Getting started with flows,,,Getting started with flows,https://help.klaviyo.com/hc/en-us/sections/14543417672475-Getting-started-with-flows
115000312411,Flows,flows,775425999,49375488863387,Set up flow filters and triggers,49375535264795,Build and use flows,Build and use flows > Set up flow filters and triggers,https://help.klaviyo.com/hc/en-us/sections/49375488863387-Set-up-flow-filters-and-triggers
115000312411,Flows,flows,775425999,49375526765723,Understand flows,14543417672475,Getting started with flows,Getting started with flows > Understand flows,https://help.klaviyo.com/hc/en-us/sections/49375526765723-Understand-flows
115000312411,Flows,flows,775425999,49375527980059,Add steps or actions to flows,49375535264795,Build and use flows,Build and use flows > Add steps or actions to flows,https://help.klaviyo.com/hc/en-us/sections/49375527980059-Add-steps-or-actions-to-flows
115000312411,Flows,flows,775425999,49375535264795,Build and use flows,,,Build and use flows,https://help.klaviyo.com/hc/en-us/sections/49375535264795-Build-and-use-flows
115000312411,Flows,flows,775425999,49375513668763,Welcome series flows,14543713508123,Flow best practices and examples,Flow best practices and examples > Welcome series flows,https://help.klaviyo.com/hc/en-us/sections/49375513668763-Welcome-series-flows
115000312411,Flows,flows,775425999,49375505484315,Add past profiles to flows,49375535264795,Build and use flows,Build and use flows > Add past profiles to flows,https://help.klaviyo.com/hc/en-us/sections/49375505484315-Add-past-profiles-to-flows
115000312411,Flows,flows,775425999,14543713508123,Flow best practices and examples,,,Flow best practices and examples,https://help.klaviyo.com/hc/en-us/sections/14543713508123-Flow-best-practices-and-examples
115000312411,Flows,flows,775425999,49375576965019,Post-purchase flows,14543713508123,Flow best practices and examples,Flow best practices and examples > Post-purchase flows,https://help.klaviyo.com/hc/en-us/sections/49375576965019-Post-purchase-flows
115000312411,Flows,flows,775425999,49375575868699,Back in stock flows,14543713508123,Flow best practices and examples,Flow best practices and examples > Back in stock flows,https://help.klaviyo.com/hc/en-us/sections/49375575868699-Back-in-stock-flows
115000312411,Flows,flows,775425999,49375512180123,Manage flows,49375535264795,Build and use flows,Build and use flows > Manage flows,https://help.klaviyo.com/hc/en-us/sections/49375512180123-Manage-flows
115000312411,Flows,flows,775425999,49375565920923,Test and optimize flows,,,Test and optimize flows,https://help.klaviyo.com/hc/en-us/sections/49375565920923-Test-and-optimize-flows
115000312411,Flows,flows,775425999,49375568542619,Browse abandonment flows,14543713508123,Flow best practices and examples,Flow best practices and examples > Browse abandonment flows,https://help.klaviyo.com/hc/en-us/sections/49375568542619-Browse-abandonment-flows
115000312411,Flows,flows,775425999,49375541273627,"Send, resend, and pause flows",49375535264795,Build and use flows,"Build and use flows > Send, resend, and pause flows",https://help.klaviyo.com/hc/en-us/sections/49375541273627-Send-resend-and-pause-flows
115000312411,Flows,flows,775425999,49375618030107,Troubleshooting flows,,,Troubleshooting flows,https://help.klaviyo.com/hc/en-us/sections/49375618030107-Troubleshooting-flows
115000312411,Flows,flows,775425999,49375546655131,Lifecycle flows,14543713508123,Flow best practices and examples,Flow best practices and examples > Lifecycle flows,https://help.klaviyo.com/hc/en-us/sections/49375546655131-Lifecycle-flows
115000312411,Flows,flows,775425999,49375570280603,Ecommerce-specific flows,14543713508123,Flow best practices and examples,Flow best practices and examples > Ecommerce-specific flows,https://help.klaviyo.com/hc/en-us/sections/49375570280603-Ecommerce-specific-flows
115000312411,Flows,flows,775425999,49375906271003,Other,14543713508123,Flow best practices and examples,Flow best practices and examples > Other,https://help.klaviyo.com/hc/en-us/sections/49375906271003-Other
360000190711,Sign-up forms,sign-up-forms,775426003,14560094570651,Forms,,,Forms,https://help.klaviyo.com/hc/en-us/sections/14560094570651-Forms
360000190711,Sign-up forms,sign-up-forms,775426003,49375627555995,Getting started with consent pages,14560185127323,Consent pages,Consent pages > Getting started with consent pages,https://help.klaviyo.com/hc/en-us/sections/49375627555995-Getting-started-with-consent-pages
360000190711,Sign-up forms,sign-up-forms,775426003,49375864160923,Getting started with sign-up forms,14560094570651,Forms,Forms > Getting started with sign-up forms,https://help.klaviyo.com/hc/en-us/sections/49375864160923-Getting-started-with-sign-up-forms
360000190711,Sign-up forms,sign-up-forms,775426003,49375878705179,Build and use forms,14560094570651,Forms,Forms > Build and use forms,https://help.klaviyo.com/hc/en-us/sections/49375878705179-Build-and-use-forms
360000190711,Sign-up forms,sign-up-forms,775426003,14560185127323,Consent pages,,,Consent pages,https://help.klaviyo.com/hc/en-us/sections/14560185127323-Consent-pages
360000190711,Sign-up forms,sign-up-forms,775426003,49375628202779,Subscribe pages,14560185127323,Consent pages,Consent pages > Subscribe pages,https://help.klaviyo.com/hc/en-us/sections/49375628202779-Subscribe-pages
360000190711,Sign-up forms,sign-up-forms,775426003,49375615840539,Form best practices,14560094570651,Forms,Forms > Form best practices,https://help.klaviyo.com/hc/en-us/sections/49375615840539-Form-best-practices
360000190711,Sign-up forms,sign-up-forms,775426003,49375628760219,Unsubscribe pages,14560185127323,Consent pages,Consent pages > Unsubscribe pages,https://help.klaviyo.com/hc/en-us/sections/49375628760219-Unsubscribe-pages
360000190711,Sign-up forms,sign-up-forms,775426003,49375609354139,Test forms,14560094570651,Forms,Forms > Test forms,https://help.klaviyo.com/hc/en-us/sections/49375609354139-Test-forms
360000190711,Sign-up forms,sign-up-forms,775426003,49375879215515,Troubleshooting sign-up forms,14560094570651,Forms,Forms > Troubleshooting sign-up forms,https://help.klaviyo.com/hc/en-us/sections/49375879215515-Troubleshooting-sign-up-forms
29173800271259,SMS,sms,775426004,49375812160155,About collecting SMS consent,29514405962139,Grow your SMS list,Grow your SMS list > About collecting SMS consent,https://help.klaviyo.com/hc/en-us/sections/49375812160155-About-collecting-SMS-consent
29173800271259,SMS,sms,775426004,49375773965595,Brand loyalty SMS flows,29515002720027,Send SMS from flows,Send SMS from flows > Brand loyalty SMS flows,https://help.klaviyo.com/hc/en-us/sections/49375773965595-Brand-loyalty-SMS-flows
29173800271259,SMS,sms,775426004,49375785493659,Format your SMS messages,29514375613467,Send SMS campaigns,Send SMS campaigns > Format your SMS messages,https://help.klaviyo.com/hc/en-us/sections/49375785493659-Format-your-SMS-messages
29173800271259,SMS,sms,775426004,29514293664539,Getting started with SMS,,,Getting started with SMS,https://help.klaviyo.com/hc/en-us/sections/29514293664539-Getting-started-with-SMS
29173800271259,SMS,sms,775426004,49375768926491,Getting started with SMS analytics and metrics,29514440899867,Analyze SMS performance,Analyze SMS performance > Getting started with SMS analytics and metrics,https://help.klaviyo.com/hc/en-us/sections/49375768926491-Getting-started-with-SMS-analytics-and-metrics
29173800271259,SMS,sms,775426004,49375780697115,Getting started with SMS flows,29515002720027,Send SMS from flows,Send SMS from flows > Getting started with SMS flows,https://help.klaviyo.com/hc/en-us/sections/49375780697115-Getting-started-with-SMS-flows
29173800271259,SMS,sms,775426004,49375763905051,Manage your SMS profiles,29514385200539,SMS segments and profiles,SMS segments and profiles > Manage your SMS profiles,https://help.klaviyo.com/hc/en-us/sections/49375763905051-Manage-your-SMS-profiles
29173800271259,SMS,sms,775426004,49375774486811,Revenue-generating SMS flows,29515002720027,Send SMS from flows,Send SMS from flows > Revenue-generating SMS flows,https://help.klaviyo.com/hc/en-us/sections/49375774486811-Revenue-generating-SMS-flows
29173800271259,SMS,sms,775426004,49375740663579,Segment your SMS subscribers,29514385200539,SMS segments and profiles,SMS segments and profiles > Segment your SMS subscribers,https://help.klaviyo.com/hc/en-us/sections/49375740663579-Segment-your-SMS-subscribers
29173800271259,SMS,sms,775426004,49375806470427,Set up SMS,29514293664539,Getting started with SMS,Getting started with SMS > Set up SMS,https://help.klaviyo.com/hc/en-us/sections/49375806470427-Set-up-SMS
29173800271259,SMS,sms,775426004,49375825807515,Set up your first SMS flows ,29515002720027,Send SMS from flows,Send SMS from flows > Set up your first SMS flows ,https://help.klaviyo.com/hc/en-us/sections/49375825807515-Set-up-your-first-SMS-flows
29173800271259,SMS,sms,775426004,49375747879195,Understanding SMS compliance settings,29514448877467,SMS compliance and deliverability,SMS compliance and deliverability > Understanding SMS compliance settings,https://help.klaviyo.com/hc/en-us/sections/49375747879195-Understanding-SMS-compliance-settings
29173800271259,SMS,sms,775426004,49375743979803,Best practices for improving SMS performance,29514440899867,Analyze SMS performance,Analyze SMS performance > Best practices for improving SMS performance,https://help.klaviyo.com/hc/en-us/sections/49375743979803-Best-practices-for-improving-SMS-performance
29173800271259,SMS,sms,775426004,49375796651675,Build forms to grow your SMS list,29514405962139,Grow your SMS list,Grow your SMS list > Build forms to grow your SMS list,https://help.klaviyo.com/hc/en-us/sections/49375796651675-Build-forms-to-grow-your-SMS-list
29173800271259,SMS,sms,775426004,29514405962139,Grow your SMS list,,,Grow your SMS list,https://help.klaviyo.com/hc/en-us/sections/29514405962139-Grow-your-SMS-list
29173800271259,SMS,sms,775426004,49375832892571,Migrate SMS providers,29514293664539,Getting started with SMS,Getting started with SMS > Migrate SMS providers,https://help.klaviyo.com/hc/en-us/sections/49375832892571-Migrate-SMS-providers
29173800271259,SMS,sms,775426004,49375771719195,SMS age-gating and prohibited content,29514448877467,SMS compliance and deliverability,SMS compliance and deliverability > SMS age-gating and prohibited content,https://help.klaviyo.com/hc/en-us/sections/49375771719195-SMS-age-gating-and-prohibited-content
29173800271259,SMS,sms,775426004,49375810668571,Send and optimize SMS campaigns,29514375613467,Send SMS campaigns,Send SMS campaigns > Send and optimize SMS campaigns,https://help.klaviyo.com/hc/en-us/sections/49375810668571-Send-and-optimize-SMS-campaigns
29173800271259,SMS,sms,775426004,49375804348443,Import SMS contacts,29514293664539,Getting started with SMS,Getting started with SMS > Import SMS contacts,https://help.klaviyo.com/hc/en-us/sections/49375804348443-Import-SMS-contacts
29173800271259,SMS,sms,775426004,49375746763803,North America: SMS compliance,29514448877467,SMS compliance and deliverability,SMS compliance and deliverability > North America: SMS compliance,https://help.klaviyo.com/hc/en-us/sections/49375746763803-North-America-SMS-compliance
29173800271259,SMS,sms,775426004,29514375613467,Send SMS campaigns,,,Send SMS campaigns,https://help.klaviyo.com/hc/en-us/sections/29514375613467-Send-SMS-campaigns
29173800271259,SMS,sms,775426004,49375826364443,Sending best practices,29514375613467,Send SMS campaigns,Send SMS campaigns > Sending best practices,https://help.klaviyo.com/hc/en-us/sections/49375826364443-Sending-best-practices
29173800271259,SMS,sms,775426004,49375803319451,Use email and social media to collect SMS consent,29514405962139,Grow your SMS list,Grow your SMS list > Use email and social media to collect SMS consent,https://help.klaviyo.com/hc/en-us/sections/49375803319451-Use-email-and-social-media-to-collect-SMS-consent
29173800271259,SMS,sms,775426004,49375831516059,About sending numbers,29514293664539,Getting started with SMS,Getting started with SMS > About sending numbers,https://help.klaviyo.com/hc/en-us/sections/49375831516059-About-sending-numbers
29173800271259,SMS,sms,775426004,49375811210395,Create SMS subscribe links and keywords,29514405962139,Grow your SMS list,Grow your SMS list > Create SMS subscribe links and keywords,https://help.klaviyo.com/hc/en-us/sections/49375811210395-Create-SMS-subscribe-links-and-keywords
29173800271259,SMS,sms,775426004,49375737431963,Europe: SMS compliance,29514448877467,SMS compliance and deliverability,SMS compliance and deliverability > Europe: SMS compliance,https://help.klaviyo.com/hc/en-us/sections/49375737431963-Europe-SMS-compliance
29173800271259,SMS,sms,775426004,29515002720027,Send SMS from flows,,,Send SMS from flows,https://help.klaviyo.com/hc/en-us/sections/29515002720027-Send-SMS-from-flows
29173800271259,SMS,sms,775426004,49375828882971,Collect SMS consent at checkout,29514405962139,Grow your SMS list,Grow your SMS list > Collect SMS consent at checkout,https://help.klaviyo.com/hc/en-us/sections/49375828882971-Collect-SMS-consent-at-checkout
29173800271259,SMS,sms,775426004,49375754085659,Oceania: SMS compliance,29514448877467,SMS compliance and deliverability,SMS compliance and deliverability > Oceania: SMS compliance,https://help.klaviyo.com/hc/en-us/sections/49375754085659-Oceania-SMS-compliance
29173800271259,SMS,sms,775426004,29514385200539,SMS segments and profiles,,,SMS segments and profiles,https://help.klaviyo.com/hc/en-us/sections/29514385200539-SMS-segments-and-profiles
29173800271259,SMS,sms,775426004,49375832168347,Understand SMS,29514293664539,Getting started with SMS,Getting started with SMS > Understand SMS,https://help.klaviyo.com/hc/en-us/sections/49375832168347-Understand-SMS
29173800271259,SMS,sms,775426004,29514448877467,SMS compliance and deliverability,,,SMS compliance and deliverability,https://help.klaviyo.com/hc/en-us/sections/29514448877467-SMS-compliance-and-deliverability
29173800271259,SMS,sms,775426004,49375736920731,SMS deliverability best practices,29514448877467,SMS compliance and deliverability,SMS compliance and deliverability > SMS deliverability best practices,https://help.klaviyo.com/hc/en-us/sections/49375736920731-SMS-deliverability-best-practices
29173800271259,SMS,sms,775426004,29514440899867,Analyze SMS performance,,,Analyze SMS performance,https://help.klaviyo.com/hc/en-us/sections/29514440899867-Analyze-SMS-performance
29173800271259,SMS,sms,775426004,49375970807323,RCS,,,RCS,https://help.klaviyo.com/hc/en-us/sections/49375970807323-RCS
